{
  "accuracy": 0.5348837209302325,
  "macro_f1": 0.5378808975984671,
  "weighted_f1": 0.5332950034088858,
  "high_recall": 0.6363636363636364,
  "per_class": {
    "low": {
      "precision": 0.55,
      "recall": 0.515625,
      "f1": 0.532258064516129,
      "support": 64
    },
    "moderate": {
      "precision": 0.5254237288135594,
      "recall": 0.484375,
      "f1": 0.5040650406504065,
      "support": 64
    },
    "high": {
      "precision": 0.5283018867924528,
      "recall": 0.6363636363636364,
      "f1": 0.5773195876288659,
      "support": 44
    }
  },
  "classification_report": {
    "low": {
      "precision": 0.55,
      "recall": 0.515625,
      "f1-score": 0.532258064516129,
      "support": 64.0
    },
    "moderate": {
      "precision": 0.5254237288135594,
      "recall": 0.484375,
      "f1-score": 0.5040650406504065,
      "support": 64.0
    },
    "high": {
      "precision": 0.5283018867924528,
      "recall": 0.6363636363636364,
      "f1-score": 0.5773195876288659,
      "support": 44.0
    },
    "accuracy": 0.5348837209302325,
    "macro avg": {
      "precision": 0.5345752052020041,
      "recall": 0.5454545454545454,
      "f1-score": 0.5378808975984671,
      "support": 172.0
    },
    "weighted avg": {
      "precision": 0.5353046608310217,
      "recall": 0.5348837209302325,
      "f1-score": 0.5332950034088858,
      "support": 172.0
    }
  }
}